word,pos,cefr,theme
the,determiner,A2,General
of,preposition,A2,General
and,conjunction,A2,General
to,particle,A2,General
in,preposition,A2,General
is,verb,A2,General
for,preposition,A2,General
it,pronoun,A2,General
with,preposition,A2,General
be,verb,A2,General
by,preposition,A2,General
was,verb,A2,General
on,preposition,A2,General
that,preposition,A2,General
as,preposition,A2,General
not,adverb,A2,General
or,conjunction,A2,General
this,determiner,A2,General
are,verb,A2,General
from,preposition,A2,General
at,preposition,A2,General
he,pronoun,A2,General
that,determiner,A2,General
which,determiner,A2,General
an,determiner,A2,General
have,verb,A2,General
his,pronoun,A2,General
but,conjunction,A2,General
you,pronoun,A2,General
were,verb,A2,General
we,pronoun,A2,General
they,pronoun,A2,General
had,verb,A2,General
all,determiner,A2,General
has,verb,A2,General
their,pronoun,A2,General
been,verb,B1,General
will,verb,B1,General
can,verb,A2,General
one,noun,A2,General
if,preposition,A2,General
other,adjective,A2,General
would,verb,A2,General
her,pronoun,A2,General
when,adverb,A2,General
its,pronoun,A2,General
there,determiner,A2,General
these,determiner,A2,General
she,pronoun,A2,General
who,pronoun,A2,General
may,verb,A2,General
than,preposition,A2,General
any,determiner,A2,General
time,noun,A2,General
such,adjective,B1,General
do,verb,A2,General
no,determiner,A2,General
some,determiner,A2,General
also,adverb,A2,General
into,preposition,A2,General
what,pronoun,A2,General
two,noun,A2,General
them,pronoun,A2,General
my,pronoun,A2,General
so,adverb,B1,General
about,preposition,A2,General
him,pronoun,A2,General
only,adverb,A2,General
said,verb,B1,General
our,pronoun,A2,General
under,preposition,A2,General
should,verb,A2,General
as,adverb,A2,General
state,noun,B1,General
made,verb,B1,General
see,verb,A2,General
could,verb,A2,General
after,preposition,A2,General
more,adverb,B2,General
then,adverb,A2,General
between,preposition,A2,General
your,pronoun,A2,General
me,pronoun,A2,General
where,adverb,A2,General
each,determiner,A2,General
new,adjective,A2,General
more,adjective,A2,General
out,particle,A2,General
did,verb,A2,General
now,adverb,A2,General
years,noun,A2,General
those,determiner,A2,General
first,adjective,A2,General
many,adjective,A2,General
up,particle,A2,General
through,preposition,A2,General
shall,verb,B1,General
same,adjective,A2,General
must,verb,A2,General
new,noun,A2,General
very,adverb,A2,General
used,verb,B1,General
over,preposition,A2,General
because,preposition,A2,General
people,noun,A2,General
work,noun,A2,General
year,noun,A2,General
how,adverb,A2,General
being,verb,A2,General
part,noun,B1,General
during,preposition,B1,General
even,adverb,B1,General
states,noun,B2,General
before,preposition,A2,General
both,determiner,A2,General
well,adverb,A2,General
number,noun,A2,General
system,noun,B1,General
case,noun,A2,General
make,verb,A2,General
per,preposition,B2,General
way,noun,A2,General
upon,preposition,B1,General
section,noun,A2,General
however,adverb,B1,General
life,noun,A2,General
like,preposition,A2,General
government,noun,B1,General
water,noun,A2,General
most,adverb,B1,General
three,noun,A2,General
law,noun,B1,General
just,adverb,A2,General
act,noun,B1,General
order,noun,A2,General
without,preposition,B1,General
us,pronoun,A2,General
man,noun,A2,General
united,noun,C1,General
good,adjective,A2,General
court,noun,B1,General
use,noun,B1,General
does,verb,A2,General
while,preposition,B1,General
world,noun,A2,General
within,preposition,B1,General
information,noun,A2,General
here,adverb,A2,General
company,noun,B1,General
service,noun,B2,General
found,verb,C1,General
day,noun,A2,General
against,preposition,B1,General
own,adjective,A2,General
given,verb,B1,General
high,adjective,A2,General
know,verb,A2,General
development,noun,B2,General
another,determiner,A2,General
since,preposition,B1,General
power,noun,B1,General
university,noun,B1,General
data,noun,C1,General
school,noun,A2,General
take,verb,A2,General
different,adjective,A2,General
great,adjective,A2,General
research,noun,B1,General
large,adjective,A2,General
house,noun,A2,General
york,noun,A2,General
general,adjective,B2,General
city,noun,A2,General
small,adjective,A2,General
business,noun,A2,General
still,adverb,B1,General
men,noun,A2,General
might,verb,B1,General
get,verb,A2,General
every,determiner,A2,General
place,noun,A2,General
committee,noun,B1,General
area,noun,B1,General
group,noun,A2,General
too,adverb,A2,General
department,noun,B2,General
children,noun,A2,General
point,noun,A2,General
public,adjective,B2,General
important,adjective,A2,General
think,verb,A2,General
fact,noun,B1,General
value,noun,B1,General
education,noun,B1,General
last,adjective,B1,General
the,noun,A2,General
come,verb,A2,General
back,adverb,A2,General
period,noun,A2,General
control,noun,B1,General
report,noun,B1,General
go,verb,A2,General
program,noun,A2,General
office,noun,A2,General
so,preposition,A2,General
second,adjective,A2,General
few,adjective,B1,General
study,noun,B1,General
say,verb,A2,General
out,preposition,A2,General
end,noun,A2,General
health,noun,A2,General
interest,noun,B1,General
thus,adverb,B2,General
war,noun,A2,General
long,adjective,A2,General
much,adverb,A2,General
never,adverb,A2,General
services,noun,B2,General
board,noun,A2,General
form,noun,A2,General
possible,adjective,B1,General
country,noun,B1,General
until,preposition,A2,General
little,adjective,A2,General
old,adjective,A2,General
again,adverb,A2,General
most,adjective,A2,General
process,noun,B2,General
whether,preposition,B2,General
action,noun,A2,General
example,noun,A2,General
certain,adjective,B1,General
members,noun,B1,General
among,preposition,B1,General
there,adverb,A2,General
effect,noun,B1,General
rate,noun,B1,General
home,noun,A2,General
several,adjective,B1,General
give,verb,A2,General
cases,noun,A2,General
course,noun,A2,General
having,verb,A2,General
line,noun,A2,General
present,adjective,B2,General
county,noun,B2,General
women,noun,A2,General
social,adjective,A2,General
taken,verb,B1,General
john,noun,A2,General
available,adjective,B2,General
question,noun,A2,General
days,noun,A2,General
person,noun,A2,General
president,noun,B2,General
land,noun,B2,General
although,preposition,B1,General
local,adjective,B1,General
family,noun,A2,General
often,adverb,A2,General
conditions,noun,B1,General
hand,noun,A2,General
production,noun,B1,General
national,noun,B1,General
amount,noun,B2,General
four,noun,A2,General
history,noun,A2,General
figure,noun,B1,General
necessary,adjective,B1,General
find,verb,A2,General
including,verb,B2,General
using,verb,A2,General
air,noun,B1,General
table,noun,A2,General
therefore,adverb,B1,General
following,verb,B1,General
others,noun,A2,General
called,verb,A2,General
rather,adverb,B1,General
percent,noun,B2,General
required,verb,B2,General
results,noun,B1,General
al,noun,A2,General
commission,noun,C1,General
god,noun,C1,General
provided,verb,B2,General
policy,noun,B2,General
much,adjective,A2,General
chapter,noun,B1,General
general,noun,B2,General
came,verb,A2,General
property,noun,B2,General
level,noun,B1,General
set,verb,A2,General
book,noun,A2,General
far,adverb,B1,General
always,adverb,A2,General
field,noun,A2,General
times,noun,C1,General
side,noun,A2,General
full,adjective,A2,General
evidence,noun,B1,General
held,verb,A2,General
going,verb,B1,General
name,noun,A2,General
type,noun,A2,General
society,noun,B1,General
provide,verb,B1,General
analysis,noun,B2,General
why,adverb,A2,General
various,adjective,B2,General
put,verb,A2,General
head,noun,A2,General
problem,noun,A2,General
ii,noun,A2,General
am,verb,A2,General
least,adjective,B2,General
use,verb,A2,General
body,noun,A2,General
management,noun,B2,General
special,adjective,A2,General
cost,noun,B1,General
though,preposition,B2,General
become,verb,A2,General
based,verb,B1,General
let,verb,A2,General
due,adjective,A2,General
political,adjective,B1,General
matter,noun,A2,General
american,noun,A2,General
things,noun,A2,General
less,adjective,B1,General
position,noun,B1,General
want,verb,A2,General
trade,noun,B1,General
problems,noun,A2,General
done,verb,B1,General
total,adjective,B2,General
systems,noun,B1,General
bill,noun,B1,General
shown,verb,A2,General
cent,noun,B1,General
low,adjective,B1,General
five,noun,A2,General
areas,noun,B1,General
age,noun,A2,General
known,verb,C1,General
something,noun,A2,General
down,particle,B1,General
association,noun,B1,General
himself,pronoun,B1,General
district,noun,B2,General
economic,adjective,B2,General
common,adjective,B1,General
nature,noun,B1,General
later,adverb,A2,General
material,noun,B1,General
method,noun,B1,General
energy,noun,C1,General
studies,noun,A2,General
next,adjective,B1,General
tax,noun,B2,General
once,adverb,A2,General
industry,noun,B2,General
june,noun,A2,General
best,adjective,A2,General
community,noun,C1,General
away,adverb,A2,General
money,noun,A2,General
terms,noun,B2,General
market,noun,B1,General
public,noun,B1,General
words,noun,A2,General
party,noun,A2,General
human,adjective,B1,General
free,adjective,A2,General
change,noun,A2,General
right,noun,B1,General
london,noun,A2,General
above,preposition,A2,General
first,adverb,A2,General
seen,verb,A2,General
paper,noun,A2,General
class,noun,A2,General
took,verb,B1,General
child,noun,A2,General
view,noun,B1,General
application,noun,B2,General
member,noun,B1,General
south,noun,B1,General
yet,adverb,A2,General
together,adverb,A2,General
similar,adjective,B1,General
almost,adverb,A2,General
particular,adjective,C1,General
off,particle,B1,General
secretary,noun,B1,General
press,noun,B2,General
price,noun,A2,General
may,noun,A2,General
left,verb,A2,General
income,noun,B2,General
room,noun,A2,General
products,noun,B1,General
already,adverb,A2,General
need,verb,B1,General
went,verb,B1,General
date,noun,A2,General
union,noun,B2,General
received,verb,B1,General
making,verb,B1,General
bank,noun,A2,General
treatment,noun,B2,General
students,noun,A2,General
death,noun,B1,General
rights,noun,A2,General
model,noun,B1,General
basis,noun,B2,General
result,noun,A2,General
considered,verb,B1,General
around,preposition,A2,General
national,adjective,B1,General
asked,verb,A2,General
on,particle,A2,General
countries,noun,B1,General
food,noun,A2,General
nothing,noun,A2,General
changes,noun,A2,General
able,adjective,B2,General
surface,noun,B2,General
plan,noun,A2,General
council,noun,B2,General
purpose,noun,B1,General
means,noun,C1,General
july,noun,A2,General
early,adjective,B1,General
street,noun,A2,General
force,noun,B1,General
itself,pronoun,B1,General
growth,noun,B2,General
feet,noun,B2,General
include,verb,B1,General
right,adjective,A2,General
construction,noun,B2,General
major,adjective,B1,General
young,adjective,A2,General
college,noun,A2,General
american,adjective,A2,General
thought,verb,B1,General
support,noun,B1,General
according,verb,B2,General
increased,verb,B1,General
oil,noun,B1,General
along,preposition,B1,General
higher,adjective,A2,General
groups,noun,B1,General
non,adjective,A2,General
knowledge,noun,B1,General
authority,noun,B2,General
true,adjective,A2,General
only,adjective,A2,General
care,noun,A2,General
short,adjective,A2,General
building,noun,A2,General
washington,noun,A2,General
series,noun,B2,General
north,noun,B1,General
whole,adjective,B1,General
test,noun,A2,General
march,noun,B1,General
river,noun,A2,General
million,noun,B1,General
reason,noun,A2,General
experience,noun,B1,General
population,noun,B1,General
west,noun,B1,General
church,noun,A2,General
science,noun,A2,General
account,noun,B1,General
light,noun,A2,General
months,noun,A2,General
structure,noun,B1,General
project,noun,C1,General
effects,noun,B1,General
activities,noun,A2,General
real,adjective,A2,General
language,noun,A2,General
addition,noun,B1,General
show,verb,A2,General
whose,pronoun,A2,General
current,adjective,B2,General
equipment,noun,B2,General
paid,verb,B2,General
labor,noun,B1,General
capital,noun,B1,General
foreign,adjective,A2,General
ever,adverb,B1,General
et,noun,A2,General
father,noun,A2,General
single,adjective,B1,General
operation,noun,B2,General
training,noun,B1,General
told,verb,A2,General
plant,noun,B1,General
kind,noun,A2,General
usually,adverb,A2,General
methods,noun,B1,General
especially,adverb,B1,General
got,verb,A2,General
except,preposition,B1,General
themselves,pronoun,B1,General
design,noun,A2,General
specific,adjective,B1,General
greater,adjective,A2,General
described,verb,A2,General
eyes,noun,A2,General
perhaps,adverb,B1,General
total,noun,B2,General
statement,noun,B1,General
read,verb,A2,General
center,noun,B1,General
white,adjective,A2,General
america,noun,A2,General
hours,noun,A2,General
obtained,verb,B2,General
rates,noun,B2,General
private,adjective,B1,General
administration,noun,B2,General
federal,noun,C1,General
size,noun,A2,General
fig,noun,A2,General
space,noun,B1,General
persons,noun,A2,General
quite,adverb,B1,General
art,noun,A2,General
theory,noun,B2,General
gas,noun,B1,General
contract,noun,C1,General
became,verb,A2,General
practice,noun,A2,General
about,adverb,A2,General
better,adjective,A2,General
word,noun,A2,General
materials,noun,B1,General
division,noun,C1,General
decision,noun,B2,General
brought,verb,A2,General
generally,adverb,B2,General
quality,noun,B1,General
agreement,noun,B2,General
mind,noun,A2,General
lower,adjective,C1,General
increase,noun,B2,General
thing,noun,A2,General
probably,adverb,B1,General
corporation,noun,C1,General
clear,adjective,B1,General
six,noun,A2,General
review,noun,A2,General
night,noun,A2,General
sense,noun,B1,General
mother,noun,A2,General
open,adjective,A2,General
further,adjective,B1,General
organization,noun,B2,General
believe,verb,A2,General
values,noun,B2,General
parts,noun,B2,General
road,noun,B1,General
look,verb,A2,General
source,noun,B1,General
programs,noun,B1,General
activity,noun,A2,General
costs,noun,B1,General
range,noun,B1,General
effective,adjective,B2,General
april,noun,A2,General
additional,adjective,B1,General
rule,noun,A2,General
distribution,noun,B2,General
title,noun,B1,General
respect,noun,B2,General
keep,verb,A2,General
security,noun,B2,General
established,verb,B1,General
page,noun,A2,General
workers,noun,A2,General
face,noun,A2,General
help,verb,A2,General
long,adverb,B1,General
pressure,noun,B1,General
ground,noun,A2,General
term,noun,B2,General
insurance,noun,B2,General
reported,verb,B1,General
congress,noun,A2,General
really,adverb,A2,General
lines,noun,B1,General
function,noun,B2,General
resources,noun,B2,General
stock,noun,C1,General
record,noun,B2,General
king,noun,A2,General
seems,verb,B1,General
temperature,noun,B1,General
role,noun,A2,General
nor,conjunction,B2,General
schools,noun,A2,General
natural,adjective,B1,General
performance,noun,B1,General
issue,noun,B1,General
rules,noun,B1,General
main,adjective,B2,General
working,verb,B2,General
article,noun,A2,General
journal,noun,B2,General
international,noun,B1,General
proposed,verb,C1,General
less,adverb,B1,General
tell,verb,A2,General
century,noun,B1,General
situation,noun,B1,General
published,verb,B1,General
william,noun,A2,General
species,noun,C1,General
woman,noun,A2,General
loss,noun,B2,General
director,noun,B1,General
personal,adjective,A2,General
january,noun,A2,General
unit,noun,B1,General
individual,adjective,B2,General
included,verb,B1,General
written,verb,B2,General
work,verb,A2,General
requirements,noun,B2,General
december,noun,A2,General
employees,noun,C1,General
condition,noun,B1,General
meeting,noun,A2,General
toward,preposition,B1,General
gave,verb,A2,General
library,noun,A2,General
enough,adverb,B1,General
third,adjective,B1,General
near,preposition,A2,General
began,verb,A2,General
up,adverb,B1,General
books,noun,B1,General
attention,noun,B1,General
says,verb,B1,General
questions,noun,B1,General
follows,verb,B1,General
letter,noun,A2,General
employment,noun,B2,General
below,preposition,A2,General
developed,verb,B1,General
normal,adjective,B1,General
chairman,noun,B1,General
looked,verb,A2,General
heart,noun,A2,General
continued,verb,B1,General
subject,noun,A2,General
across,preposition,B1,General
lord,noun,A2,General
felt,verb,A2,General
volume,noun,B2,General
english,noun,A2,General
international,adjective,B1,General
code,noun,A2,General
laws,noun,B1,General
up,preposition,A2,General
patients,noun,B1,General
co,noun,A2,General
knew,verb,A2,General
saw,verb,C1,General
de,noun,A2,General
strong,adjective,A2,General
fire,noun,A2,General
product,noun,B1,General
region,noun,B2,General
purposes,noun,B1,General
today,noun,A2,General
staff,noun,B1,General
presented,verb,B1,General
one,pronoun,B1,General
significant,adjective,B1,General
financial,adjective,B2,General
need,noun,C1,General
solution,noun,B1,General
particularly,adverb,B2,General
further,adverb,B2,General
provisions,noun,C1,General
complete,adjective,B1,General
whom,pronoun,B1,General
agency,noun,B1,General
sometimes,adverb,B2,General
such,determiner,B1,General
october,noun,A2,General
average,adjective,B1,General
black,adjective,A2,General
soon,adverb,A2,General
town,noun,A2,General
involved,verb,B2,General
issues,noun,B2,General
sir,noun,A2,General
recent,adjective,B1,General
note,noun,A2,General
makes,verb,B1,General
carried,verb,A2,General
september,noun,A2,General
needed,verb,B1,General
factors,noun,C1,General
original,adjective,B1,General
blood,noun,B1,General
approach,noun,B2,General
anything,noun,A2,General
final,adjective,B1,General
companies,noun,B1,General
reference,noun,C1,General
england,noun,A2,General
difficult,adjective,A2,General
california,noun,Unknown,General
technology,noun,A2,General
hands,noun,A2,General
forms,noun,B1,General
added,verb,A2,General
determined,verb,C1,General
defendant,noun,A2,General
movement,noun,B2,General
response,noun,B1,General
types,noun,B1,General
james,noun,A2,General
job,noun,A2,General
points,noun,A2,General
levels,noun,B2,General
vol,noun,A2,General
idea,noun,A2,General
disease,noun,B2,General
produced,verb,B1,General
feel,verb,A2,General
relations,noun,B2,General
opinion,noun,B1,General
taking,verb,B1,General
subject,adjective,A2,General
funds,noun,B2,General
cells,noun,B2,General
physical,adjective,B1,General
doing,verb,A2,General
miles,noun,B2,General
pay,verb,A2,General
love,noun,A2,General
week,noun,A2,General
operations,noun,B2,General
list,noun,A2,General
army,noun,B2,General
direct,adjective,B1,General
relationship,noun,B2,General
length,noun,B2,General
son,noun,A2,General
self,noun,A2,General
works,noun,A2,General
finally,adverb,B1,General
degree,noun,B1,General
iii,noun,A2,General
sales,noun,A2,General
means,verb,C1,General
in,noun,A2,General
extent,noun,B2,General
august,noun,A2,General
conference,noun,C1,General
turned,verb,A2,General
placed,verb,B1,General
provides,verb,B1,General
half,noun,A2,General
story,noun,A2,General
shows,verb,A2,General
military,adjective,B1,General
meet,verb,A2,General
consider,verb,B1,General
moment,noun,A2,General
difference,noun,A2,General
sea,noun,A2,General
annual,adjective,B2,General
sent,verb,B1,General
appear,verb,B1,General
protection,noun,B2,General
discussion,noun,B1,General
instead,adverb,B1,General
george,noun,A2,General
east,noun,B1,General
followed,verb,B1,General
down,adverb,A2,General
character,noun,A2,General
motion,noun,C1,General
expected,verb,C1,General
understand,verb,B1,General
appropriate,adjective,B1,General
legal,adjective,B2,General
weight,noun,B1,General
supply,noun,B2,General
ten,noun,A2,General
what,determiner,A2,General
wife,noun,A2,General
officer,noun,A2,General
manner,noun,B1,General
throughout,preposition,B2,General
reports,noun,B1,General
sure,adjective,A2,General
parties,noun,A2,General
prices,noun,B1,General
november,noun,A2,General
unless,preposition,B2,General
basic,adjective,B1,General
fund,noun,B2,General
heard,verb,A2,General
officers,noun,A2,General
wanted,verb,B1,General
direction,noun,B1,General
hospital,noun,A2,General
passed,verb,B1,General
indeed,adverb,B1,General
goods,noun,B2,General
capacity,noun,B2,General
ways,noun,A2,General
canada,noun,A2,General
base,noun,B1,General
trial,noun,C1,General
judgment,noun,B2,General
simple,adjective,B1,General
box,noun,A2,General
plants,noun,B1,General
author,noun,B1,General
institute,noun,B2,General
lost,verb,B1,General
mean,verb,A2,General
door,noun,A2,General
wide,adjective,B1,General
applied,verb,B1,General
importance,noun,B1,General
car,noun,A2,General
text,noun,B1,General
medical,adjective,B1,General
credit,noun,B1,General
soil,noun,C1,General
engineering,noun,B2,General
notice,noun,B1,General
india,noun,C1,General
bring,verb,A2,General
determine,verb,B2,General
charge,noun,B2,General
culture,noun,A2,General
stage,noun,A2,General
february,noun,A2,General
directly,adverb,B2,General
standards,noun,B2,General
music,noun,A2,General
survey,noun,A2,General
beyond,preposition,B1,General
flow,noun,B2,General
units,noun,B1,General
safety,noun,B2,General
ask,verb,A2,General
modern,adjective,B1,General
previous,adjective,B2,General
appears,verb,B1,General
seemed,verb,B1,General
station,noun,A2,General
site,noun,A2,General
exchange,noun,B1,General
month,noun,A2,General
like,verb,A2,General
payment,noun,C1,General
chicago,noun,A2,General
justice,noun,B2,General
investment,noun,C1,General
proper,adjective,B1,General
alone,adverb,A2,General
facilities,noun,C1,General
sale,noun,A2,General
steel,noun,B2,General
clearly,adverb,B1,General
likely,adjective,B1,General
simply,adverb,B1,General
former,adjective,B2,General
environment,noun,C1,General
related,verb,C1,General
associated,verb,B2,General
entire,adjective,B2,General
twenty,noun,A2,General
hundred,noun,B1,General
minister,noun,C1,General
cell,noun,B2,General
actual,adjective,C1,General
larger,adjective,A2,General
records,noun,B1,General
actually,adverb,B1,General
europe,noun,A2,General
industrial,adjective,B2,General
includes,verb,B1,General
cause,noun,C1,General
equal,adjective,B2,General
seem,verb,B1,General
assistance,noun,B2,General
federal,adjective,C1,General
robert,noun,A2,General
otherwise,adverb,B2,General
central,adjective,B2,General
behind,preposition,A2,General
poor,adjective,A2,General
presence,noun,B2,General
forces,noun,B2,General
regulations,noun,B2,General
thomas,noun,A2,General
influence,noun,B1,General
nearly,adverb,B1,General
student,noun,A2,General
heat,noun,B1,General
continue,verb,B1,General
no,adverb,A2,General
require,verb,B2,General
future,noun,A2,General
elements,noun,B2,General
earth,noun,B1,General
status,noun,B2,General
consideration,noun,B2,General
procedure,noun,C1,General
individuals,noun,B2,General
risk,noun,B2,General
stated,verb,B2,General
leave,verb,A2,General
issued,verb,B2,General
relation,noun,B2,General
duty,noun,B2,General
compared,verb,B1,General
failure,noun,B2,General
set,noun,B1,General
benefits,noun,B2,General
numbers,noun,A2,General
late,adjective,A2,General
referred,verb,B1,General
call,verb,B1,General
sources,noun,B1,General
factor,noun,C1,General
phase,noun,C1,General
computer,noun,A2,General
china,noun,A2,General
minutes,noun,A2,General
connection,noun,B2,General
literature,noun,B2,General
trust,noun,C1,General
morning,noun,A2,General
france,noun,A2,General
properties,noun,B2,General
towards,preposition,B1,General
kept,verb,A2,General
news,noun,A2,General
san,noun,A2,General
gives,verb,A2,General
existing,verb,C1,General
hard,adjective,A2,General
sufficient,adjective,B2,General
voice,noun,B1,General
looking,verb,A2,General
allowed,verb,B1,General
either,conjunction,B1,General
senate,noun,A2,General
farm,noun,A2,General
peace,noun,A2,General
planning,noun,C1,General
opportunity,noun,B1,General
chemical,noun,B2,General
apply,verb,B1,General
amendment,noun,A2,General
big,adjective,A2,General
figures,noun,B1,General
observed,verb,B2,General
interests,noun,B1,General
defined,verb,B2,General
active,adjective,B2,General
immediately,adverb,B2,General
over,particle,A2,General
teachers,noun,A2,General
everything,noun,A2,General
wall,noun,A2,General
behavior,noun,B1,General
mass,noun,C1,General
contact,noun,B1,General
concerned,verb,B2,General
charles,noun,A2,General
reached,verb,B1,General
either,determiner,B2,General
mentioned,verb,B1,General
lot,noun,B1,General
discussed,verb,A2,General
island,noun,A2,General
primary,adjective,C1,General
relative,adjective,B2,General
nation,noun,B1,General
senator,noun,C1,General
coming,verb,A2,General
mr,noun,A2,General
sec,noun,A2,General
bureau,noun,B2,General
police,noun,B1,General
reduced,verb,B2,General
friends,noun,A2,General
commercial,adjective,B2,General
institutions,noun,C1,General
hold,verb,B1,General
needs,noun,B1,General
produce,verb,B1,General
sample,noun,B1,General
demand,noun,B2,General
strength,noun,B1,General
sections,noun,A2,General
started,verb,A2,General
progress,noun,B2,General
ability,noun,B1,General
index,noun,C1,General
live,verb,A2,General
iron,noun,B2,General
return,noun,B1,General
plaintiff,noun,A2,General
facts,noun,B1,General
economy,noun,B2,General
differences,noun,A2,General
giving,verb,A2,General
distance,noun,B2,General
collection,noun,A2,General
notes,noun,A2,General
coal,noun,B2,General
in,particle,A2,General
estate,noun,C1,General
machine,noun,A2,General
fine,adjective,A2,General
front,noun,B1,General
answer,noun,A2,General
smith,noun,A2,General
parents,noun,A2,General
prepared,verb,B2,General
comes,verb,A2,General
standard,noun,B2,General
transportation,noun,B2,General
one,adjective,A2,General
lake,noun,B1,General
noted,verb,A2,General
receive,verb,B1,General
designed,verb,B1,General
led,verb,B1,General
affairs,noun,B1,General
germany,noun,A2,General
patient,noun,B1,General
access,noun,B2,General
circumstances,noun,C1,General
acid,noun,C1,General
technical,adjective,C1,General
central,noun,B2,General
red,adjective,A2,General
functions,noun,B1,General
filed,verb,B1,General
success,noun,B1,General
caused,verb,B2,General
friend,noun,A2,General
effort,noun,B1,General
description,noun,B1,General
religious,adjective,B2,General
reasons,noun,A2,General
year,adjective,A2,General
positive,adjective,B2,General
met,verb,A2,General
impact,noun,B1,General
events,noun,A2,General
becomes,verb,A2,General
built,verb,A2,General
following,adjective,A2,General
ago,adverb,A2,General
portion,noun,C1,General
defense,noun,B2,General
rest,noun,B2,General
balance,noun,B2,General
longer,adverb,A2,General
provision,noun,C1,General
showed,verb,A2,General
approximately,adverb,B2,General
introduction,noun,B2,General
develop,verb,B1,General
efforts,noun,B1,General
moved,verb,A2,General
housing,noun,A2,General
formation,noun,C1,General
increasing,verb,B1,General
examination,noun,B2,General
certainly,adverb,B1,General
initial,adjective,C1,General
motor,noun,B2,General
applications,noun,B2,General
employed,verb,C1,General
allow,verb,B1,General
park,noun,A2,General
fully,adverb,B1,General
agriculture,noun,B2,General
resolution,noun,C1,General
future,adjective,B2,General
entitled,verb,C1,General
plans,noun,B1,General
fish,noun,A2,General
chief,noun,C1,General
nations,noun,B1,General
occur,verb,B2,General
spirit,noun,B2,General
british,noun,A2,General
transfer,noun,C1,General
independent,adjective,B2,General
content,noun,B2,General
aid,noun,B2,General
formed,verb,B1,General
forest,noun,B1,General
none,noun,B2,General
past,adjective,B2,General
considerable,adjective,B2,General
no,noun,A2,General
maintenance,noun,B2,General
paul,noun,A2,General
serious,adjective,B2,General
claims,noun,B1,General
adopted,verb,C1,General
tests,noun,B1,General
recently,adverb,B1,General
created,verb,B1,General
takes,verb,B1,General
increase,verb,B1,General
weeks,noun,A2,General
professor,noun,B2,General
measures,noun,B2,General
agencies,noun,B1,General
summer,noun,A2,General
constant,adjective,C1,General
decided,verb,B1,General
principles,noun,B2,General
claim,noun,B2,General
eight,noun,A2,General
selected,verb,B2,General
seven,noun,A2,General
hour,noun,A2,General
born,verb,A2,General
judge,noun,B2,General
truth,noun,B1,General
communication,noun,B1,General
japan,noun,A2,General
characteristics,noun,B2,General
individual,noun,C1,General
write,verb,A2,General
try,verb,B1,General
getting,verb,A2,General
organizations,noun,B2,General
essential,adjective,B2,General
concerning,verb,C1,General
david,noun,A2,General
budget,noun,B1,General
majority,noun,B2,General
covered,verb,A2,General
scale,noun,B1,General
proceedings,noun,B2,General
object,noun,B2,General
separate,adjective,B1,General
reduction,noun,B2,General
died,verb,B1,General
worked,verb,A2,General
processes,noun,B2,General
papers,noun,A2,General
follow,verb,B1,General
right,adverb,A2,General
providing,verb,B1,General
post,noun,A2,General
address,noun,A2,General
estimated,verb,C1,General
add,verb,A2,General
meaning,noun,B1,General
remain,verb,B1,General
projects,noun,C1,General
powers,noun,B1,General
regard,noun,C1,General
prior,adverb,C1,General
amended,verb,B1,General
indicated,verb,B1,General
letters,noun,A2,General
wood,noun,B1,General
offered,verb,B1,General
metal,noun,B1,General
floor,noun,A2,General
africa,noun,A2,General
request,noun,B1,General
highly,adverb,B2,General
understanding,noun,C1,General
henry,noun,A2,General
british,adjective,A2,General
expression,noun,B1,General
reasonable,adjective,B2,General
step,noun,B1,General
middle,noun,B1,General
responsible,adjective,B2,General
agent,noun,B1,General
hall,noun,A2,General
spring,noun,A2,General
appeared,verb,B1,General
located,verb,B2,General
serve,verb,B1,General
practical,adjective,B2,General
personnel,noun,C1,General
heavy,adjective,A2,General
instance,noun,B2,General
employee,noun,C1,General
social,noun,A2,General
output,noun,C1,General
suggested,verb,B1,General
tried,verb,A2,General
principle,noun,B2,General
animals,noun,A2,General
useful,adjective,B1,General
items,noun,A2,General
critical,adjective,B2,General
relatively,adverb,B2,General
places,noun,B1,General
run,verb,A2,General
professional,adjective,B1,General
well,adjective,A2,General
easily,adverb,B1,General
hear,verb,A2,General
standard,adjective,C1,General
approved,verb,B2,General
expenses,noun,B2,General
procedures,noun,C1,General
served,verb,B1,General
deep,adjective,C1,General
frequency,noun,B2,General
commerce,noun,C1,General
assembly,noun,C1,General
learning,noun,C1,General
variety,noun,B2,General
contains,verb,B2,General
see,noun,A2,General
teacher,noun,A2,General
requires,verb,B2,General
responsibility,noun,B2,General
legislation,noun,C1,General
ready,adjective,A2,General
else,adverb,A2,General
error,noun,B1,General
cultural,adjective,B2,General
event,noun,A2,General
trying,verb,A2,General
reaction,noun,C1,General
task,noun,B1,General
image,noun,B1,General
appeal,noun,B2,General
raised,verb,B1,General
gone,verb,B1,General
policies,noun,B2,General
net,adjective,B1,General
assessment,noun,C1,General
change,verb,A2,General
successful,adjective,A2,General
ideas,noun,A2,General
bad,adjective,A2,General
lack,noun,B1,General
will,noun,C1,General
choice,noun,B1,General
administrative,adjective,C1,General
top,noun,A2,General
obtain,verb,B2,General
agreed,verb,A2,General
master,noun,C1,General
dollars,noun,A2,General
entered,verb,B1,General
move,verb,B1,General
features,noun,B2,General
cut,verb,A2,General
existence,noun,B2,General
arms,noun,B1,General
manager,noun,B1,General
color,noun,A2,General
returned,verb,B1,General
bed,noun,A2,General
drug,noun,B1,General
carry,verb,A2,General
glass,noun,A2,General
paragraph,noun,A2,General
film,noun,B1,General
create,verb,B1,General
location,noun,B2,General
banks,noun,A2,General
growing,verb,C1,General
better,adverb,B1,General
industries,noun,B2,General
sold,verb,A2,General
easy,adjective,A2,General
actions,noun,A2,General
models,noun,B1,General
orders,noun,A2,General
election,noun,B2,General
introduced,verb,A2,General
summary,noun,B1,General
prevent,verb,B1,General
past,noun,A2,General
revenue,noun,C1,General
names,noun,B1,General
families,noun,A2,General
picture,noun,A2,General
cities,noun,A2,General
potential,adjective,C1,General
evaluation,noun,C1,General
compensation,noun,C1,General
western,adjective,C1,General
courts,noun,B1,General
foundation,noun,B2,General
remember,verb,A2,General
benefit,noun,B2,General
above,adjective,B2,General
matters,noun,A2,General
investigation,noun,B2,General
myself,pronoun,B1,General
someone,noun,A2,General
wrote,verb,A2,General
support,verb,B2,General
treated,verb,B2,General
interesting,adjective,A2,General
freedom,noun,B1,General
ratio,noun,A2,General
pattern,noun,B2,General
domestic,adjective,C1,General
determination,noun,B2,General
great,noun,A2,General
concept,noun,B2,General
trees,noun,A2,General
completed,verb,B1,General
regular,adjective,B1,General
lands,noun,B1,General
bar,noun,A2,General
complex,adjective,B2,General
network,noun,B2,General
civil,adjective,B2,General
laboratory,noun,B2,General
containing,verb,B2,General
completely,adverb,B2,General
regulation,noun,B2,General
merely,adverb,B2,General
experimental,adjective,A2,General
speed,noun,B1,General
thereof,adverb,A2,General
hill,noun,A2,General
classes,noun,A2,General
taxes,noun,B2,General
improvement,noun,B2,General
articles,noun,A2,General
forward,adverb,B1,General
expressed,verb,B1,General
indicate,verb,B1,General
white,noun,A2,General
mm,noun,A2,General
relief,noun,C1,General
dark,adjective,A2,General
accepted,verb,B1,General
re,noun,A2,General
changed,verb,A2,General
labour,noun,B1,General
negative,adjective,B1,General
internal,adjective,B2,General
educational,adjective,B1,General
ohio,noun,A2,General
faith,noun,C1,General
techniques,noun,B2,General
european,adjective,A2,General
outside,preposition,B1,General
fields,noun,A2,General
publication,noun,C1,General
secondary,adjective,C1,General
regarding,verb,B2,General
mary,noun,A2,General
decisions,noun,B2,General
eye,noun,A2,General
speak,verb,A2,General
bonds,noun,B2,General
statistics,noun,C1,General
telephone,noun,A2,General
upper,adjective,B2,General
previously,adverb,C1,General
first,noun,A2,General
maintain,verb,B2,General
entirely,adverb,B2,General
branch,noun,B1,General
contained,verb,B2,General
gold,noun,B1,General
details,noun,B1,General
buildings,noun,A2,General
frequently,adverb,B2,General
girl,noun,A2,General
fuel,noun,B2,General
rock,noun,B1,General
fiscal,adjective,C1,General
whatever,determiner,B1,General
cause,verb,B1,General
establish,verb,B1,General
constitution,noun,B2,General
forth,adverb,B2,General
represented,verb,B1,General
performed,verb,B1,General
french,noun,A2,General
tree,noun,A2,General
comparison,noun,B2,General
vice,noun,B2,General
aspects,noun,B2,General
subjects,noun,A2,General
living,noun,C1,General
thousand,noun,B1,General
boy,noun,A2,General
sun,noun,A2,General
husband,noun,A2,General
share,noun,B1,General
developing,verb,C1,General
smaller,adjective,A2,General
german,adjective,A2,General
little,adverb,A2,General
appointed,verb,B2,General
reduce,verb,B2,General
beginning,noun,B1,General
copy,noun,A2,General
somewhat,adverb,C1,General
turn,verb,A2,General
resistance,noun,C1,General
animal,noun,A2,General
reading,noun,A2,General
executive,noun,C1,General
acts,noun,B1,General
context,noun,B1,General
limited,verb,B2,General
texas,noun,C2,General
back,noun,A2,General
despite,preposition,B2,General
speech,noun,A2,General
structures,noun,B1,General
milk,noun,A2,General
showing,verb,A2,General
ordinary,adjective,B2,General
historical,adjective,B2,General
removed,verb,B2,General
environmental,adjective,B2,General
concentration,noun,B2,General
whereas,preposition,C1,General
quickly,adverb,A2,General
agricultural,adjective,B2,General
thought,noun,B1,General
sum,noun,A2,General
cash,noun,B1,General
stood,verb,A2,General
granted,verb,B2,General
percentage,noun,C1,General
measure,noun,B2,General
duties,noun,B2,General
coast,noun,B1,General
relating,verb,B2,General
high,noun,A2,General
richard,noun,A2,General
herself,pronoun,B1,General
assets,noun,B2,General
governor,noun,B2,General
winter,noun,A2,General
doubt,noun,B1,General
table,adjective,A2,General
opened,verb,A2,General
traffic,noun,B1,General
railroad,noun,B2,General
pain,noun,B2,General
examples,noun,A2,General
convention,noun,C1,General
media,noun,C1,General
ed,adjective,A2,General
traditional,adjective,B1,General
brother,noun,A2,General
authorities,noun,B2,General
mark,noun,B1,General
leading,verb,B2,General
dead,adjective,B1,General
stone,noun,A2,General
assistant,noun,B2,General
practices,noun,A2,General
plate,noun,B1,General
representatives,noun,B2,General
scientific,adjective,B1,General
owner,noun,A2,General
living,verb,B1,General
ones,noun,A2,General
saying,verb,B1,General
learn,verb,A2,General
iv,noun,A2,General
latter,adjective,C1,General
conclusion,noun,B2,General
game,noun,A2,General
paris,noun,B1,General
village,noun,B1,General
accounts,noun,B1,General
la,noun,Unknown,General
third,noun,B1,General
send,verb,B1,General
radio,noun,A2,General
absence,noun,B2,General
storage,noun,B2,General
like,adjective,A2,General
slightly,adverb,B2,General
help,noun,B1,General
hearing,noun,B2,General
valley,noun,B1,General
fixed,verb,C1,General
ed,noun,A2,General
definition,noun,B2,General
occurred,verb,B2,General
intended,verb,B2,General
begin,verb,A2,General
enter,verb,B1,General
element,noun,B2,General
lead,verb,B2,General
tons,noun,C1,General
memory,noun,A2,General
circuit,noun,C1,General
respectively,adverb,B2,General
wrong,adjective,A2,General
remained,verb,B1,General
transport,noun,B2,General
components,noun,C1,General
payments,noun,C1,General
steps,noun,A2,General
ordered,verb,A2,General
team,noun,A2,General
clinical,adjective,A2,General
goes,verb,B1,General
remains,verb,C1,General
measured,verb,B2,General
cold,adjective,A2,General
loan,noun,C1,General
second,noun,B1,General
railway,noun,B2,General
avoid,verb,B1,General
miss,noun,A2,General
principal,adjective,B1,General
accordance,noun,A2,General
pages,noun,A2,General
represent,verb,B1,General
fair,adjective,A2,General
dry,adjective,A2,General
jurisdiction,noun,A2,General
spent,verb,A2,General
conducted,verb,B2,General
britain,noun,A2,General
experiments,noun,B2,General
advantage,noun,B1,General
selection,noun,B2,General
self,adjective,A2,General
session,noun,B2,General
attorney,noun,A2,General
authorized,verb,C1,General
hair,noun,A2,General
occurs,verb,B2,General
grant,noun,B2,General
down,preposition,B1,General
references,noun,C1,General
hence,adverb,A2,General
argument,noun,B1,General
sound,noun,B1,General
religion,noun,B2,General
medicine,noun,A2,General
moving,verb,C1,General
brown,noun,B1,General
agents,noun,B1,General
running,verb,B1,General
play,verb,A2,General
politics,noun,B2,General
permanent,adjective,B2,General
cm,noun,A2,General
named,verb,B1,General
please,verb,B2,General
illinois,noun,A2,General
firm,noun,B2,General
race,noun,B2,General
sex,noun,B2,General
boston,noun,A2,General
identified,verb,C1,General
before,adverb,A2,General
damage,noun,B2,General
stand,verb,B1,General
marriage,noun,B2,General
equation,noun,C1,General
suggest,verb,B1,General
indian,noun,A2,General
van,noun,B2,General
mouth,noun,A2,General
debt,noun,B2,General
institution,noun,C1,General
concern,noun,B1,General
sort,noun,B2,General
combination,noun,B2,General
highest,adjective,A2,General
popular,adjective,B1,General
ship,noun,A2,General
cross,noun,B1,General
pacific,noun,B1,General
accept,verb,B1,General
statute,noun,A2,General
exist,verb,B1,General
pass,verb,B1,General
very,adjective,C1,General
hot,adjective,A2,General
wish,verb,B1,General
skin,noun,B2,General
holding,verb,A2,General
submitted,verb,C1,General
sector,noun,C1,General
subsequent,adjective,A2,General
limited,adjective,B2,General
leaders,noun,A2,General
impossible,adjective,B1,General
failed,verb,B1,General
recognized,verb,B2,General
mental,adjective,B2,General
extension,noun,C1,General
centre,noun,B1,General
light,adjective,A2,General
samples,noun,B1,General
virginia,noun,A2,General
welfare,noun,C1,General
largely,adverb,B2,General
form,verb,B2,General
specified,verb,C1,General
commissioner,noun,C1,General
nuclear,adjective,B2,General
writing,verb,B1,General
competition,noun,B1,General
mexico,noun,A2,General
official,adjective,B1,General
resulting,verb,B1,General
employer,noun,C1,General
st,noun,A2,General
engaged,verb,B2,General
origin,noun,B2,General
whole,noun,B2,General
season,noun,B2,General
electric,adjective,B1,General
french,adjective,A2,General
statements,noun,B1,General
houses,noun,A2,General
connected,verb,B2,General
christ,noun,A2,General
conflict,noun,B2,General
style,noun,B1,General
christian,noun,B2,General
numerous,adjective,B2,General
out,adverb,A2,General
studied,verb,A2,General
waste,noun,B2,General
evening,noun,A2,General
substantial,adjective,B2,General
medical,noun,B1,General
editor,noun,B1,General
adequate,adjective,C1,General
preparation,noun,B2,General
agree,verb,A2,General
drawn,verb,A2,General
jesus,noun,A2,General
joint,adjective,B2,General
efficiency,noun,B2,General
hon,noun,A2,General
average,noun,B1,General
greatest,adjective,A2,General
possibility,noun,B2,General
club,noun,A2,General
republic,noun,B2,General
rural,adjective,C1,General
happened,verb,A2,General
sat,verb,A2,General
scheme,noun,C1,General
moral,adjective,C1,General
vehicle,noun,B2,General
processing,noun,B2,General
start,verb,A2,General
establishment,noun,B2,General
deal,noun,B1,General
stress,noun,B2,General
affected,verb,B2,General
contain,verb,B2,General
usual,adjective,B1,General
citizens,noun,B1,General
present,noun,A2,General
thank,verb,A2,General
anyone,noun,A2,General
everyone,noun,A2,General
composition,noun,B2,General
daughter,noun,A2,General
boys,noun,A2,General
close,adverb,A2,General
counsel,noun,A2,General
correct,adjective,A2,General
electrical,adjective,B2,General
sites,noun,A2,General
time,adjective,B1,General
reserve,noun,B2,General
older,adjective,A2,General
lives,noun,A2,General
apparently,adverb,B1,General
piece,noun,A2,General
interpretation,noun,C1,General
attempt,noun,B1,General
collected,verb,A2,General
officials,noun,B2,General
explain,verb,B1,General
solid,adjective,B2,General
documents,noun,B2,General
improve,verb,B1,General
file,noun,A2,General
views,noun,B1,General
charges,noun,B2,General
consumption,noun,B2,General
recorded,verb,B1,General
chance,noun,B1,General
amounts,noun,B2,General
regional,adjective,B2,General
contracts,noun,C1,General
liability,noun,A2,General
communities,noun,C1,General
believed,verb,A2,General
applicable,adjective,A2,General
broad,adjective,B2,General
mail,noun,A2,General
bond,noun,B2,General
leaving,verb,B1,General
return,verb,B1,General
term,adjective,B2,General
maximum,adjective,B2,General
relationships,noun,B2,General
injury,noun,B2,General
joseph,noun,A2,General
relevant,adjective,C1,General
properly,adverb,B2,General
phone,noun,A2,General
zone,noun,B1,General
operating,noun,B1,General
day,adjective,A2,General
inches,noun,B2,General
supported,verb,B1,General
kingdom,noun,B1,General
appearance,noun,B1,General
peter,noun,A2,General
earlier,adjective,A2,General
moreover,adverb,B2,General
largest,adjective,A2,General
edition,noun,B2,General
experiment,noun,B2,General
positions,noun,B1,General
fall,noun,B2,General
key,adjective,A2,General
detail,noun,B1,General
reality,noun,B2,General
bodies,noun,A2,General
directed,verb,B1,General
layer,noun,B2,General
ca,noun,B1,General
johnson,noun,A2,General
patterns,noun,B2,General
girls,noun,A2,General
beautiful,adjective,A2,General
western,noun,C1,General
australia,noun,A2,General
passage,noun,B1,General
affect,verb,B2,General
external,adjective,C1,General
human,noun,B2,General
window,noun,A2,General
lady,noun,A2,General
map,noun,A2,General
suitable,adjective,B1,General
immediate,adjective,B2,General
quantity,noun,B2,General
typical,adjective,B2,General
green,adjective,A2,General
related,adjective,C1,General
territory,noun,C1,General
edge,noun,B2,General
reach,verb,B1,General
meant,verb,B1,General
turn,noun,A2,General
testimony,noun,C1,General
early,adverb,A2,General
supreme,noun,A2,General
dependent,adjective,B2,General
arts,noun,A2,General
regions,noun,B2,General
talk,verb,A2,General
testing,noun,B1,General
museum,noun,B1,General
laid,verb,B2,General
fresh,adjective,B1,General
findings,noun,B2,General
columbia,noun,Unknown,General
offer,verb,B1,General
protein,noun,A2,General
density,noun,A2,General
married,verb,B1,General
teaching,noun,B2,General
mechanical,adjective,B2,General
proportion,noun,B2,General
instruction,noun,B2,General
needs,verb,B1,General
cancer,noun,B2,General
finance,noun,C1,General
exactly,adverb,B1,General
civil,noun,B2,General
markets,noun,B1,General
note,verb,A2,General
contrast,noun,B1,General
urban,adjective,C1,General
lived,verb,B1,General
increases,noun,B1,General
two,adjective,A2,General
nine,noun,A2,General
divided,verb,C1,General
generation,noun,B1,General
call,noun,A2,General
primarily,adverb,B2,General
thirty,noun,A2,General
objects,noun,B2,General
skills,noun,A2,General
pay,noun,A2,General
carbon,noun,C1,General
filled,verb,A2,General
aircraft,noun,C1,General
fell,verb,B1,General
philosophy,noun,B2,General
manufacturing,noun,C1,General
understood,verb,B1,General
pounds,noun,B2,General
shape,noun,B1,General
based,adjective,B1,General
foot,noun,B2,General
background,noun,B1,General
et,conjunction,A2,General
bridge,noun,A2,General
stop,verb,A2,General
consists,verb,B1,General
settlement,noun,B2,General
foreign,noun,A2,General
desire,noun,B2,General
consumer,noun,B2,General
purchase,noun,C1,General
representative,noun,B2,General
mining,noun,B1,General
message,noun,A2,General
maintained,verb,B2,General
explained,verb,B1,General
communications,noun,B1,General
louis,noun,A2,General
improved,verb,C1,General
either,adverb,A2,General
southern,adjective,B2,General
lay,verb,B2,General
delivery,noun,B2,General
derived,verb,B2,General
maybe,adverb,A2,General
tables,noun,A2,General
brain,noun,A2,General
farmers,noun,A2,General
closely,adverb,B2,General
mission,noun,B2,General
sugar,noun,A2,General
crime,noun,B1,General
depth,noun,B2,General
loans,noun,C1,General
hope,noun,A2,General
ancient,adjective,B1,General
aware,adjective,B2,General
youth,noun,B1,General
excellent,adjective,A2,General
search,noun,B1,General
edward,noun,A2,General
hope,verb,B2,General
combined,verb,B2,General
blue,adjective,A2,General
signal,noun,B2,General
assumed,verb,B2,General
recommended,verb,B2,General
grade,noun,A2,General
charged,verb,B2,General
black,noun,A2,General
cambridge,noun,B1,General
command,noun,B2,General
load,noun,B1,General
engine,noun,B2,General
sides,noun,A2,General
supplies,noun,B2,General
ice,noun,A2,General
economic,noun,B2,General
approval,noun,B2,General
native,adjective,B1,General
entry,noun,B2,General
path,noun,B1,General
continuous,adjective,B2,General
device,noun,B2,General
channel,noun,B2,General
rich,adjective,A2,General
kinds,noun,A2,General
strategy,noun,B1,General
bay,noun,B1,General
learned,verb,A2,General
signed,verb,B1,General
technique,noun,B2,General
solutions,noun,B1,General
fear,noun,B1,General
salt,noun,B1,General
feeling,noun,A2,General
beginning,verb,B1,General
marketing,noun,C1,General
remaining,verb,C1,General
cotton,noun,B2,General
close,adjective,A2,General
opportunities,noun,B1,General
multiple,adjective,C1,General
exercise,noun,B1,General
wind,noun,A2,General
ensure,verb,B2,General
thinking,verb,A2,General
michigan,noun,B1,General
arm,noun,A2,General
earlier,adverb,A2,General
play,noun,A2,General
offices,noun,A2,General
english,adjective,B1,General
expect,verb,B1,General
proved,verb,B2,General
periods,noun,A2,General
authors,noun,B1,General
proof,noun,B2,General
publications,noun,C1,General
closed,verb,A2,General
contribution,noun,B2,General
emergency,noun,B1,General
item,noun,A2,General
securities,noun,B2,General
cooperation,noun,C1,General
jury,noun,C1,General
represents,verb,B1,General
bit,noun,B1,General
protect,verb,B2,General
participation,noun,C1,General
wages,noun,C1,General
difficulty,noun,B1,General
result,verb,B2,General
classification,noun,C1,General
pennsylvania,noun,B1,General
fundamental,adjective,C1,General
fruit,noun,A2,General
sciences,noun,A2,General
limits,noun,B2,General
observations,noun,B2,General
highway,noun,B1,General
expansion,noun,C1,General
document,noun,B2,General
port,noun,B2,General
walls,noun,A2,General
doctor,noun,A2,General
assume,verb,B2,General
leadership,noun,B2,General
happy,adjective,A2,General
legislative,adjective,C1,General
prove,verb,B2,General
carrying,verb,A2,General
carefully,adverb,A2,General
off,preposition,B2,General
birth,noun,A2,General
band,noun,A2,General
mainly,adverb,B1,General
stay,verb,A2,General
conduct,noun,B2,General
identity,noun,B2,General
recovery,noun,B2,General
meetings,noun,A2,General
machinery,noun,B1,General
fourth,adjective,A2,General
leader,noun,A2,General
los,noun,B2,General
block,noun,A2,General
reading,verb,A2,General
build,verb,A2,General
organized,verb,B1,General
governments,noun,B1,General
sought,verb,B1,General
left,adjective,A2,General
suggests,verb,B1,General
horse,noun,A2,General
indicates,verb,B1,General
schedule,noun,B1,General
revolution,noun,C1,General
top,adjective,B2,General
fees,noun,B1,General
possibly,adverb,B1,General
membership,noun,B2,General
rapidly,adverb,B2,General
oxford,noun,B1,General
pure,adjective,B2,General
quarter,noun,A2,General
apparent,adjective,B2,General
formal,adjective,B2,General
profit,noun,C1,General
petition,noun,B1,General
attack,noun,B1,General
soul,noun,B2,General
extended,verb,B2,General
tools,noun,A2,General
shares,noun,A2,General
mountain,noun,A2,General
guide,noun,B2,General
examined,verb,B2,General
overall,adjective,C1,General
daily,adjective,B1,General
structural,adjective,B1,General
arrived,verb,A2,General
printed,verb,B1,General
potential,noun,B2,General
apart,adverb,B1,General
measurements,noun,B2,General
battle,noun,B2,General
component,noun,C1,General
nevertheless,adverb,B2,General
sand,noun,B2,General
americans,noun,A2,General
career,noun,B2,General
around,adverb,B1,General
acres,noun,B1,General
radiation,noun,B2,General
engineers,noun,A2,General
cars,noun,A2,General
writing,noun,B1,General
ministry,noun,B1,General
billion,noun,C1,General
determining,verb,B2,General
stories,noun,A2,General
award,noun,B1,General
clause,noun,C1,General
pointed,verb,A2,General
instrument,noun,B1,General
female,adjective,B1,General
possession,noun,B2,General
wave,noun,B1,General
show,noun,B1,General
firms,noun,B2,General
extremely,adverb,B1,General
avenue,noun,B2,General
ought,verb,B1,General
height,noun,B2,General
detailed,adjective,C1,General
act,verb,B2,General
fall,verb,B1,General
therapy,noun,C1,General
forced,verb,B2,General
killed,verb,A2,General
mechanism,noun,B1,General
hotel,noun,A2,General
specifically,adverb,C1,General
michael,noun,B1,General
extensive,adjective,C1,General
all,adverb,B1,General
cycle,noun,B2,General
safe,adjective,B1,General
perform,verb,B1,General
expense,noun,B2,General
obvious,adjective,B2,General
elected,verb,C1,General
criminal,adjective,C1,General
sheet,noun,B2,General
proposal,noun,B2,General
philadelphia,noun,B1,General
admitted,verb,B1,General
suddenly,adverb,B2,General
calculated,verb,B2,General
sell,verb,A2,General
chamber,noun,B1,General
grain,noun,C1,General
user,noun,C1,General
marked,verb,B2,General
diseases,noun,B2,General
rise,noun,B2,General
perfect,adjective,B1,General
usa,noun,B1,General
reform,noun,C1,General
crop,noun,B2,General
measurement,noun,B2,General
vessels,noun,B2,General
recognition,noun,C1,General
garden,noun,A2,General
cents,noun,B1,General
buy,verb,A2,General
regarded,verb,B2,General
goal,noun,A2,General
changing,verb,A2,General
clerk,noun,B1,General
attitude,noun,B1,General
slowly,adverb,B1,General
plane,noun,A2,General
chair,noun,A2,General
captain,noun,B1,General
powerful,adjective,B1,General
consistent,adjective,C1,General
estimates,noun,B2,General
identify,verb,C1,General
feature,noun,B1,General
certificate,noun,C1,General
by,noun,A2,General
conservation,noun,B2,General
contributions,noun,B2,General
courses,noun,A2,General
knows,verb,A2,General
stations,noun,A2,General
treaty,noun,C1,General
severe,adjective,B2,General
input,noun,C1,General
scene,noun,B1,General
greatly,adverb,B1,General
inspection,noun,B2,General
wage,noun,C1,General
sentence,noun,A2,General
trouble,noun,B1,General
talking,verb,B1,General
emphasis,noun,B2,General
bound,verb,B2,General
directors,noun,B1,General
limit,noun,B2,General
red,noun,B1,General
indian,adjective,B1,General
necessarily,adverb,C1,General
requirement,noun,B2,General
capable,adjective,B2,General
marine,noun,B2,General
inside,preposition,A2,General
version,noun,C1,General
weather,noun,A2,General
played,verb,A2,General
tube,noun,A2,General
television,noun,A2,General
assigned,verb,B2,General
equally,adverb,B2,General
chief,adjective,B2,General
drugs,noun,B1,General
industrial,noun,B2,General
cover,verb,B1,General
double,adjective,B1,General
listed,verb,B1,General
release,noun,B1,General
rapid,adjective,B2,General
standing,verb,A2,General
store,noun,A2,General
present,verb,C1,General
italy,noun,B1,General
mode,noun,B1,General
yourself,pronoun,A2,General
column,noun,B1,General
northern,adjective,B2,General
up,noun,A2,General
reader,noun,A2,General
explanation,noun,B1,General
bottom,noun,A2,General
royal,noun,B1,General
operating,verb,B1,General
speaker,noun,B1,General
old,noun,A2,General
being,noun,B1,General
scope,noun,B2,General
silver,noun,B1,General
jobs,noun,A2,General
districts,noun,B2,General
sexual,adjective,C1,General
significance,noun,B2,General
exposure,noun,B1,General
criteria,noun,B2,General
copper,noun,C1,General
variables,noun,B1,General
receiving,verb,B1,General
achieved,verb,B1,General
contents,noun,B2,General
extra,adjective,B1,General
creation,noun,C1,General
stopped,verb,A2,General
green,noun,B1,General
mine,noun,C1,General
depends,verb,B1,General
card,noun,A2,General
describe,verb,A2,General
brief,adjective,B2,General
islands,noun,A2,General
resource,noun,B2,General
representation,noun,B1,General
thin,adjective,A2,General
valuable,adjective,B2,General
ray,noun,B1,General
exists,verb,B1,General
campaign,noun,C1,General
difficulties,noun,B1,General
camp,noun,A2,General
seek,verb,B1,General
martin,noun,B1,General
involving,verb,B2,General
carrier,noun,A2,General
export,noun,C1,General
danger,noun,B1,General
waters,noun,B1,General
revised,verb,B2,General
israel,noun,B1,General
acquired,verb,B2,General
soft,adjective,B1,General
minimum,noun,B2,General
steam,noun,B2,General
achieve,verb,B1,General
becoming,verb,A2,General
attached,verb,C1,General
variation,noun,C1,General
facility,noun,B2,General
owned,verb,B1,General
unable,adjective,B2,General
exception,noun,C1,General
discuss,verb,A2,General
software,noun,B1,General
sister,noun,A2,General
global,adjective,B2,General
enemy,noun,B2,General
unique,adjective,B2,General
advance,noun,C1,General
frank,noun,B1,General
writer,noun,A2,General
am,noun,A2,General
interaction,noun,B2,General
tradition,noun,B1,General
vision,noun,B2,General
advertising,noun,B1,General
following,noun,B1,General
deposits,noun,B2,General
core,noun,C1,General
jones,noun,C2,General
delivered,verb,B2,General
worth,adjective,B2,General
love,verb,A2,General
advice,noun,B1,General
cover,noun,A2,General
re,verb,B1,General
half,determiner,B1,General
navy,noun,C1,General
fairly,adverb,B1,General
curve,noun,B2,General
tissue,noun,B2,General
fee,noun,B1,General
annual,noun,B2,General
chosen,verb,A2,General
accident,noun,B1,General
savings,noun,C1,General
die,verb,B1,General
denied,verb,B2,General
instruments,noun,B1,General
economics,noun,B2,General
refer,verb,B1,General
remove,verb,B2,General
significantly,adverb,C1,General
devices,noun,B2,General
uses,verb,A2,General
east,adjective,B1,General
diameter,noun,B2,General
pre,adjective,B1,General
permit,verb,B2,General
key,noun,A2,General
expenditure,noun,B1,General
discharge,noun,C1,General
strongly,adverb,B1,General
choose,verb,A2,General
discovered,verb,B1,General
appendix,noun,B1,General
sign,noun,A2,General
russia,noun,B1,General
temporary,adjective,B2,General
sequence,noun,B2,General
route,noun,C1,General
implementation,noun,B1,General
identification,noun,C1,General
copies,noun,A2,General
efficient,adjective,B2,General
category,noun,B2,General
necessity,noun,C1,General
distributed,verb,B2,General
substance,noun,C1,General
losses,noun,B2,General
violence,noun,B2,General
angle,noun,B2,General
removal,noun,B1,General
dealing,verb,B1,General
anti,adjective,B2,General
seed,noun,B1,General
hardly,adverb,B1,General
suppose,verb,B2,General
chinese,adjective,B1,General
walked,verb,A2,General
desired,verb,B2,General
look,noun,A2,General
distinct,adjective,B1,General
boundary,noun,B2,General
operate,verb,B1,General
carolina,noun,B1,General
ring,noun,B1,General
grow,verb,A2,General
confidence,noun,B2,General
consent,noun,C1,General
pieces,noun,A2,General
opening,noun,B2,General
latter,noun,B1,General
goals,noun,A2,General
grounds,noun,A2,General
permitted,verb,B2,General
declared,verb,B2,General
noise,noun,A2,General
comments,noun,B2,General
frame,noun,B1,General
roads,noun,B1,General
belief,noun,B2,General
care,verb,B2,General
estimate,noun,C1,General
instructions,noun,B2,General
travel,noun,B1,General
parliament,noun,C1,General
intelligence,noun,B1,General
magnetic,adjective,B1,General
spoke,verb,A2,General
eventually,adverb,B2,General
florida,noun,B1,General
currently,adverb,B2,General
three,adjective,A2,General
recommendations,noun,C1,General
target,noun,B1,General
minor,adjective,B2,General
maximum,noun,B2,General
careful,adjective,A2,General
ships,noun,B1,General
familiar,adjective,B1,General
train,noun,A2,General
earnings,noun,C1,General
opposition,noun,B2,General
queen,noun,B1,General
departments,noun,B2,General
transition,noun,C1,General
control,verb,B2,General
widely,adverb,B1,General
ran,verb,A2,General
flight,noun,B1,General
vote,noun,A2,General
arrangement,noun,B2,General
european,noun,B1,General
asia,noun,B1,General
till,preposition,B1,General
parameters,noun,B2,General
wilson,noun,B1,General
dated,verb,C1,General
francisco,noun,B1,General
constitutional,adjective,B1,General
minimum,adjective,B2,General
southern,noun,B2,General
objectives,noun,B2,General
crisis,noun,B2,General
vessel,noun,B2,General
square,noun,B1,General
movements,noun,B2,General
machines,noun,A2,General
psychology,noun,C1,General
mean,adjective,B1,General
plus,conjunction,B2,General
corner,noun,A2,General
respondent,noun,B1,General
corporate,adjective,C1,General
alcohol,noun,B2,General
thousands,noun,B1,General
creek,noun,C1,General
enforcement,noun,B1,General
household,noun,B2,General
signs,noun,B1,General
sight,noun,A2,General
grown,verb,A2,General
adult,noun,B1,General
sons,noun,A2,General
oxygen,noun,B2,General
circle,noun,A2,General
tool,noun,A2,General
perspective,noun,C1,General
deal,verb,B2,General
claimed,verb,B1,General
treasury,noun,B1,General
transmission,noun,C1,General
save,verb,A2,General
yet,conjunction,B2,General
keeping,verb,A2,General
census,noun,B1,General
pipe,noun,B2,General
allows,verb,B1,General
stream,noun,B2,General
electron,noun,B2,General
ad,noun,B2,General
forty,noun,A2,General
suit,noun,B1,General
birds,noun,A2,General
images,noun,B1,General
preliminary,adjective,C1,General
thick,adjective,A2,General
interested,adjective,A2,General
inner,adjective,B1,General
behalf,noun,B2,General
programme,noun,A2,General
speaking,verb,A2,General
observation,noun,B2,General
ibid,noun,B1,General
thereby,adverb,B1,General
williams,noun,A2,General
medium,noun,B2,General
vehicles,noun,B2,General
indians,noun,A2,General
electronic,adjective,B2,General
obviously,adverb,B2,General
mill,noun,C1,General
tend,verb,B2,General
flat,adjective,B2,General
pursuant,adjective,B1,General
counties,noun,B2,General
theoretical,adjective,B1,General
brown,adjective,A2,General
profits,noun,C1,General
resulted,verb,B1,General
dc,noun,B1,General
el,noun,B1,General
visual,adjective,B2,General
symptoms,noun,B2,General
bills,noun,B1,General
slow,adjective,A2,General
ahead,adverb,B1,General
lies,verb,B1,General
customers,noun,B1,General
waiting,verb,B1,General
narrow,adjective,B2,General
owners,noun,A2,General
clay,noun,B1,General
constructed,verb,B2,General
stability,noun,C1,General
later,adjective,C1,General
via,preposition,B2,General
drive,noun,A2,General
middle,adjective,A2,General
shop,noun,A2,General
helped,verb,A2,General
mere,adjective,B2,General
web,noun,B1,General
preceding,verb,C1,General
absolute,adjective,B2,General
corresponding,adjective,C1,General
on,adverb,B1,General
witness,noun,C1,General
similarly,adverb,B2,General
manufacturers,noun,C1,General
satisfactory,adjective,C1,General
printing,noun,B1,General
twelve,noun,A2,General
elsewhere,adverb,B1,General
reactions,noun,C1,General
concluded,verb,B2,General
demonstrated,verb,B2,General
lee,noun,B1,General
couple,noun,B1,General
complaint,noun,B1,General
current,noun,B2,General
limitations,noun,B2,General
grants,noun,B2,General
framework,noun,B1,General
mixture,noun,C1,General
pleasure,noun,A2,General
appointment,noun,B1,General
concepts,noun,B2,General
cross,adjective,B1,General
velocity,noun,B1,General
engineer,noun,A2,General
wheat,noun,C1,General
soldiers,noun,B1,General
applicant,noun,C1,General
situations,noun,B1,General
categories,noun,B2,General
independence,noun,B1,General
willing,adjective,C1,General
linear,adjective,B1,General
over,adverb,B1,General
considering,verb,C1,General
cited,verb,C1,General
rooms,noun,B1,General
consequences,noun,B1,General
baby,noun,A2,General
caught,verb,A2,General
exports,noun,C1,General
yield,noun,C1,General
producing,verb,B1,General
transferred,verb,B2,General
happen,verb,A2,General
fort,noun,B1,General
starting,verb,A2,General
agreements,noun,B2,General
in,adverb,B1,General
refused,verb,B2,General
pair,noun,A2,General
electric,noun,B1,General
ireland,noun,B1,General
requested,verb,B1,General
spiritual,adjective,B2,General
seeing,verb,A2,General
japanese,adjective,B1,General
appeals,noun,B2,General
registration,noun,B2,General
rare,adjective,B2,General
degrees,noun,B1,General
experiences,noun,B1,General
committed,verb,B2,General
onto,preposition,B2,General
users,noun,C1,General
license,noun,B1,General
joined,verb,A2,General
imports,noun,C1,General
homes,noun,A2,General
supposed,verb,B2,General
in,adjective,A2,General
empire,noun,B2,General
ended,verb,A2,General
practically,adverb,C1,General
province,noun,C1,General
operated,verb,B1,General
twice,adverb,B1,General
bone,noun,A2,General
draw,verb,A2,General
angeles,noun,B1,General
formula,noun,B2,General
composed,verb,B2,General
permission,noun,B1,General
stages,noun,A2,General
male,noun,B1,General
eastern,noun,B2,General
wire,noun,B2,General
raise,verb,B1,General
ocean,noun,B2,General
mid,noun,B1,General
arranged,verb,B2,General
rocks,noun,B2,General
crops,noun,B2,General
aspect,noun,B2,General
accounting,noun,B1,General
amendments,noun,A2,General
operator,noun,C1,General
univ,noun,B1,General
corporations,noun,C1,General
ann,noun,B1,General
troops,noun,C1,General
consequently,adverb,B2,General
vi,noun,B1,General
branches,noun,B1,General
ml,noun,B1,General
associations,noun,B1,General
adjustment,noun,C1,General
ma,noun,B1,General
focus,noun,C1,General
ex,noun,B1,General
stores,noun,B1,General
mines,noun,B1,General
wait,verb,A2,General
finding,verb,B2,General
realized,verb,B1,General
thoughts,noun,B1,General
designated,verb,B1,General
famous,adjective,A2,General
grand,noun,C1,General
causes,noun,B2,General
leaves,noun,A2,General
client,noun,C1,General
patent,noun,B1,General
besides,preposition,B2,General
arrangements,noun,B2,General
cattle,noun,B2,General
furthermore,adverb,B2,General
controlled,verb,B1,General
legislature,noun,C1,General
temperatures,noun,B1,General
chain,noun,B1,General
subsection,noun,B1,General
partly,adverb,B1,General
exposed,verb,B2,General
probability,noun,B2,General
magazine,noun,A2,General
half,adjective,B1,General
imposed,verb,C1,General
apparatus,noun,B1,General
experienced,verb,B2,General
retirement,noun,C1,General
responses,noun,B1,General
parent,noun,A2,General
damages,noun,B2,General
occasion,noun,B2,General
answered,verb,A2,General
evolution,noun,C1,General
infection,noun,B2,General
improvements,noun,B2,General
meat,noun,A2,General
star,noun,A2,General
accurate,adjective,B2,General
recognize,verb,B2,General
wild,adjective,B1,General
looks,verb,A2,General
miller,noun,B1,General
of,adjective,A2,General
worker,noun,A2,General
offers,verb,B1,General
salary,noun,C1,General
soviet,noun,C1,General
good,noun,C1,General
characters,noun,A2,General
gross,adjective,C1,General
wants,verb,B1,General
fifty,noun,A2,General
seat,noun,A2,General
readily,adverb,C1,General
special,noun,A2,General
jack,noun,B1,General
repeated,verb,A2,General
opposite,adjective,B1,General
conclusions,noun,B2,General
check,verb,B1,General
option,noun,B2,General
continuing,verb,B1,General
instances,noun,B2,General
beauty,noun,B1,General
ownership,noun,B1,General
organic,adjective,B2,General
mostly,adverb,B1,General
prince,noun,A2,General
equivalent,adjective,B1,General
sitting,verb,A2,General
weak,adjective,B1,General
streets,noun,A2,General
oral,adjective,C1,General
extend,verb,B2,General
involves,verb,B2,General
soviet,adjective,C1,General
bulletin,noun,B2,General
vertical,adjective,B1,General
originally,adverb,C1,General
exceed,verb,C1,General
corn,noun,A2,General
dangerous,adjective,B1,General
dog,noun,A2,General
report,verb,B2,General
enough,adjective,B1,General
strategies,noun,B1,General
acquisition,noun,C1,General
prior,adjective,C1,General
comprehensive,adjective,C1,General
supplied,verb,B2,General
evident,adjective,B2,General
coverage,noun,B1,General
namely,adverb,B1,General
unemployment,noun,B2,General
continues,verb,B1,General
psychological,adjective,B2,General
ill,adjective,B1,General
enable,verb,B2,General
addressed,verb,B1,General
track,noun,B1,General
particles,noun,C1,General
interior,noun,C1,General
obligations,noun,C1,General
yellow,adjective,A2,General
debate,noun,B1,General
making,noun,B1,General
begins,verb,A2,General
faculty,noun,C1,General
partial,adjective,B2,General
joint,noun,C1,General
ft,noun,B1,General
leads,verb,B1,General
ball,noun,A2,General
announced,verb,B2,General
academy,noun,B2,General
chemistry,noun,B2,General
tel,noun,B1,General
intensity,noun,B1,General
creating,verb,B1,General
flowers,noun,A2,General
massachusetts,noun,B1,General
heads,noun,A2,General
burden,noun,B2,General
unknown,adjective,B1,General
finished,verb,A2,General
academic,adjective,B2,General
best,adverb,A2,General
african,adjective,B1,General
transactions,noun,B1,General
enterprise,noun,C1,General
variable,adjective,B1,General
poetry,noun,B2,General
normally,adverb,B2,General
accordingly,adverb,C1,General
german,noun,B1,General
naturally,adverb,B2,General
compounds,noun,B2,General
modified,verb,B2,General
developments,noun,B2,General
neither,determiner,C1,General
replied,verb,B1,General
root,noun,B1,General
feelings,noun,A2,General
demands,noun,B2,General
outstanding,adjective,B2,General
northern,noun,B2,General
id,noun,B1,General
lead,noun,B1,General
mortgage,noun,C1,General
warm,adjective,A2,General
commonly,adverb,B2,General
democratic,adjective,B2,General
reflect,verb,B1,General
pulled,verb,B1,General
taught,verb,A2,General
separation,noun,B2,General
aside,adverb,B2,General
boat,noun,A2,General
ourselves,pronoun,B1,General
favor,noun,B1,General
societies,noun,B1,General
join,verb,A2,General
res,noun,A2,General
broken,verb,A2,General
audience,noun,B1,General
eastern,adjective,B2,General
violation,noun,B1,General
plates,noun,B1,General
eat,verb,A2,General
agricultural,noun,B2,General
gentleman,noun,B2,General
rose,verb,A2,General
copyright,noun,B2,General
concerns,noun,B2,General
customs,noun,B2,General
tested,verb,B1,General
post,adjective,A2,General
rice,noun,A2,General
customer,noun,B1,General
minute,noun,A2,General
corps,noun,B1,General
purchased,verb,C1,General
seeking,verb,B1,General
panel,noun,C1,General
il,noun,B1,General
bear,verb,B1,General
equations,noun,C1,General
bible,noun,B1,General
jersey,noun,B1,General
principal,noun,C1,General
decide,verb,B1,General
windows,noun,A2,General
knowing,verb,A2,General
examine,verb,B2,General
so,adjective,A2,General
physics,noun,B2,General
essentially,adverb,C1,General
accompanied,verb,B2,General
diagnosis,noun,B1,General
alternative,noun,B2,General
extreme,adjective,B2,General
shared,verb,A2,General
towns,noun,A2,General
spain,noun,B1,General
conversation,noun,A2,General
latin,noun,B1,General
other,noun,A2,General
pictures,noun,B1,General
while,noun,B2,General
centers,noun,B1,General
beach,noun,A2,General
sit,verb,A2,General
setting,verb,B2,General
collective,adjective,B1,General
tendency,noun,B2,General
errors,noun,B1,General
spread,verb,C1,General
whenever,adverb,B2,General
founded,verb,C1,General
song,noun,A2,General
gift,noun,A2,General
doctrine,noun,B1,General
constitute,verb,B2,General
afternoon,noun,A2,General
acute,adjective,C1,General
argued,verb,B1,General
gain,noun,B2,General
wealth,noun,B1,General
expenditures,noun,B1,General
investigations,noun,B2,General
factory,noun,A2,General
utility,noun,C1,General
released,verb,B1,General
desirable,adjective,C1,General
atmosphere,noun,B2,General
north,adjective,B1,General
committees,noun,B1,General
specimens,noun,B1,General
writers,noun,A2,General
matrix,noun,B1,General
defendants,noun,A2,General
visit,noun,A2,General
asking,verb,A2,General
stable,adjective,B2,General
compliance,noun,B1,General
longer,adjective,A2,General
mountains,noun,A2,General
arthur,noun,B1,General
novel,noun,B1,General
fax,noun,B2,General
substantially,adverb,B1,General
literary,adjective,B2,General
statistical,adjective,B1,General
distinction,noun,B2,General
min,noun,B1,General
climate,noun,B2,General
bell,noun,A2,General
intention,noun,B2,General
languages,noun,A2,General
outer,adjective,B2,General
draft,noun,C1,General
lose,verb,B1,General
works,verb,A2,General
kansas,noun,Unknown,General
iowa,noun,B1,General
spot,noun,A2,General
qualified,verb,B2,General
davis,noun,B1,General
assist,verb,B2,General
run,noun,A2,General
readers,noun,A2,General
gradually,adverb,B1,General
prescribed,verb,C1,General
participants,noun,B2,General
neck,noun,A2,General
settled,verb,B2,General
effectively,adverb,C1,General
truly,adverb,B1,General
mills,noun,C1,General
superior,adjective,B2,General
representing,verb,B1,General
revealed,verb,B1,General
advantages,noun,B1,General
guard,noun,B1,General
answer,verb,A2,General
struggle,noun,B2,General
on,noun,A2,General
acting,verb,B1,General
conventional,adjective,C1,General
excess,noun,B2,General
taylor,noun,B1,General
pollution,noun,A2,General
concrete,adjective,C1,General
quantities,noun,B2,General
criticism,noun,C1,General
adults,noun,B1,General
illustrated,verb,C1,General
variations,noun,C1,General
translation,noun,C1,General
films,noun,B1,General
grew,verb,A2,General
trip,noun,A2,General
prevention,noun,C1,General
rome,noun,B1,General
league,noun,B2,General
depending,verb,B1,General
newspaper,noun,A2,General
mineral,noun,B2,General
strange,adjective,A2,General
residence,noun,C1,General
deputy,noun,C1,General
working,noun,B2,General
liquid,adjective,B2,General
directions,noun,B1,General
atlantic,noun,B2,General
ages,noun,A2,General
competitive,adjective,B2,General
democracy,noun,B2,General
proposals,noun,B2,General
managers,noun,B1,General
place,verb,B2,General
study,verb,A2,General
promote,verb,B2,General
presentation,noun,B2,General
secure,verb,B2,General
outside,adjective,C1,General
obligation,noun,C1,General
consequence,noun,B1,General
dinner,noun,A2,General
sensitive,adjective,C1,General
elizabeth,noun,B1,General
sweet,adjective,A2,General
increasingly,adverb,B2,General
free,noun,B1,General
canal,noun,B2,General
discovery,noun,B2,General
conversion,noun,C1,General
wine,noun,B1,General
thou,pronoun,B1,General
replaced,verb,B1,General
ph,noun,C1,General
describes,verb,A2,General
ll,verb,B1,General
finds,verb,A2,General
definite,adjective,B2,General
voltage,noun,B1,General
beam,noun,C1,General
superintendent,noun,C1,General
vast,adjective,B2,General
sub,adjective,B1,General
informed,verb,B2,General
administrator,noun,B1,General
vary,verb,B2,General
wisconsin,noun,B1,General
end,verb,B1,General
petroleum,noun,B1,General
soc,noun,B1,General
long,noun,A2,General
assumption,noun,C1,General
personality,noun,B1,General
considerations,noun,B2,General
vital,adjective,C1,General
mixed,adjective,B2,General
managed,verb,B1,General
requiring,verb,B2,General
adding,verb,A2,General
abuse,noun,C1,General
depend,verb,B1,General
ltd,noun,B1,General
lie,verb,B1,General
clean,adjective,A2,General
funding,noun,B2,General
eggs,noun,A2,General
employers,noun,C1,General
emotional,adjective,B2,General
poverty,noun,B2,General
crown,noun,B1,General
accuracy,noun,B2,General
sets,noun,A2,General
passing,verb,B1,General
integration,noun,B1,General
muscle,noun,B2,General
axis,noun,C1,General
prepare,verb,B1,General
valid,adjective,C1,General
won,verb,B1,General
nursing,noun,B1,General
statutory,adjective,B1,General
partnership,noun,C1,General
sunday,noun,A2,General
slight,adjective,C1,General
coffee,noun,A2,General
front,adjective,A2,General
basin,noun,B2,General
snow,noun,A2,General
equity,noun,C1,General
open,verb,A2,General
contemporary,adjective,C1,General
registered,verb,B2,General
continued,adjective,B1,General
legs,noun,A2,General
ny,noun,B1,General
uniform,adjective,B1,General
interview,noun,A2,General
brothers,noun,A2,General
grace,noun,B1,General
spend,verb,A2,General
jackson,noun,B1,General
rubber,noun,B2,General
treasurer,noun,B1,General
dr,noun,A2,General
temple,noun,A2,General
gets,verb,A2,General
banking,noun,B1,General
prison,noun,B2,General
acceptance,noun,B2,General
characteristic,adjective,C1,General
opposed,verb,B1,General
sharp,adjective,B2,General
host,noun,B1,General
teeth,noun,A2,General
visible,adjective,B2,General
planned,verb,B1,General
reducing,verb,B2,General
lewis,noun,B1,General
submit,verb,C1,General
